Zini,Mini,logD,aov,fov
0.014,7.00,1.0,0.000,0.005
0.014,7.00,1.0,0.000,0.010
0.014,7.00,1.0,0.000,0.015
0.014,7.00,1.0,0.000,0.020
0.014,7.00,1.0,0.000,0.025
0.014,7.00,1.0,0.000,0.030
0.014,7.00,1.0,0.000,0.035
0.014,7.00,2.0,0.000,0.005
0.014,7.00,2.0,0.000,0.010
0.014,7.00,2.0,0.000,0.015
0.014,7.00,2.0,0.000,0.020
0.014,7.00,2.0,0.000,0.025
0.014,7.00,2.0,0.000,0.030
0.014,7.00,2.0,0.000,0.035
0.014,7.00,3.0,0.000,0.005
0.014,7.00,3.0,0.000,0.010
0.014,7.00,3.0,0.000,0.015
0.014,7.00,3.0,0.000,0.020
0.014,7.00,3.0,0.000,0.025
0.014,7.00,3.0,0.000,0.030
0.014,7.00,3.0,0.000,0.035
0.014,7.00,4.0,0.000,0.005
0.014,7.00,4.0,0.000,0.010
0.014,7.00,4.0,0.000,0.015
0.014,7.00,4.0,0.000,0.020
0.014,7.00,4.0,0.000,0.025
0.014,7.00,4.0,0.000,0.030
0.014,7.00,4.0,0.000,0.035
0.014,7.00,5.0,0.000,0.005
0.014,7.00,5.0,0.000,0.010
0.014,7.00,5.0,0.000,0.015
0.014,7.00,5.0,0.000,0.020
0.014,7.00,5.0,0.000,0.025
0.014,7.00,5.0,0.000,0.030
0.014,7.00,5.0,0.000,0.035
0.014,7.24,1.0,0.000,0.005
0.014,7.24,1.0,0.000,0.010
0.014,7.24,1.0,0.000,0.015
0.014,7.24,1.0,0.000,0.020
0.014,7.24,1.0,0.000,0.025
0.014,7.24,1.0,0.000,0.030
0.014,7.24,1.0,0.000,0.035
0.014,7.24,2.0,0.000,0.005
0.014,7.24,2.0,0.000,0.010
0.014,7.24,2.0,0.000,0.015
0.014,7.24,2.0,0.000,0.020
0.014,7.24,2.0,0.000,0.025
0.014,7.24,2.0,0.000,0.030
0.014,7.24,2.0,0.000,0.035
0.014,7.24,3.0,0.000,0.005
0.014,7.24,3.0,0.000,0.010
0.014,7.24,3.0,0.000,0.015
0.014,7.24,3.0,0.000,0.020
0.014,7.24,3.0,0.000,0.025
0.014,7.24,3.0,0.000,0.030
0.014,7.24,3.0,0.000,0.035
0.014,7.24,4.0,0.000,0.005
0.014,7.24,4.0,0.000,0.010
0.014,7.24,4.0,0.000,0.015
0.014,7.24,4.0,0.000,0.020
0.014,7.24,4.0,0.000,0.025
0.014,7.24,4.0,0.000,0.030
0.014,7.24,4.0,0.000,0.035
0.014,7.24,5.0,0.000,0.005
0.014,7.24,5.0,0.000,0.010
0.014,7.24,5.0,0.000,0.015
0.014,7.24,5.0,0.000,0.020
0.014,7.24,5.0,0.000,0.025
0.014,7.24,5.0,0.000,0.030
0.014,7.24,5.0,0.000,0.035
0.014,7.50,1.0,0.000,0.005
0.014,7.50,1.0,0.000,0.010
0.014,7.50,1.0,0.000,0.015
0.014,7.50,1.0,0.000,0.020
0.014,7.50,1.0,0.000,0.025
0.014,7.50,1.0,0.000,0.030
0.014,7.50,1.0,0.000,0.035
0.014,7.50,2.0,0.000,0.005
0.014,7.50,2.0,0.000,0.010
0.014,7.50,2.0,0.000,0.015
0.014,7.50,2.0,0.000,0.020
0.014,7.50,2.0,0.000,0.025
0.014,7.50,2.0,0.000,0.030
0.014,7.50,2.0,0.000,0.035
0.014,7.50,3.0,0.000,0.005
0.014,7.50,3.0,0.000,0.010
0.014,7.50,3.0,0.000,0.015
0.014,7.50,3.0,0.000,0.020
0.014,7.50,3.0,0.000,0.025
0.014,7.50,3.0,0.000,0.030
0.014,7.50,3.0,0.000,0.035
0.014,7.50,4.0,0.000,0.005
0.014,7.50,4.0,0.000,0.010
0.014,7.50,4.0,0.000,0.015
0.014,7.50,4.0,0.000,0.020
0.014,7.50,4.0,0.000,0.025
0.014,7.50,4.0,0.000,0.030
0.014,7.50,4.0,0.000,0.035
0.014,7.50,5.0,0.000,0.005
0.014,7.50,5.0,0.000,0.010
0.014,7.50,5.0,0.000,0.015
0.014,7.50,5.0,0.000,0.020
0.014,7.50,5.0,0.000,0.025
0.014,7.50,5.0,0.000,0.030
0.014,7.50,5.0,0.000,0.035
0.014,7.76,1.0,0.000,0.005
0.014,7.76,1.0,0.000,0.010
0.014,7.76,1.0,0.000,0.015
0.014,7.76,1.0,0.000,0.020
0.014,7.76,1.0,0.000,0.025
0.014,7.76,1.0,0.000,0.030
0.014,7.76,1.0,0.000,0.035
0.014,7.76,2.0,0.000,0.005
0.014,7.76,2.0,0.000,0.010
0.014,7.76,2.0,0.000,0.015
0.014,7.76,2.0,0.000,0.020
0.014,7.76,2.0,0.000,0.025
0.014,7.76,2.0,0.000,0.030
0.014,7.76,2.0,0.000,0.035
0.014,7.76,3.0,0.000,0.005
0.014,7.76,3.0,0.000,0.010
0.014,7.76,3.0,0.000,0.015
0.014,7.76,3.0,0.000,0.020
0.014,7.76,3.0,0.000,0.025
0.014,7.76,3.0,0.000,0.030
0.014,7.76,3.0,0.000,0.035
0.014,7.76,4.0,0.000,0.005
0.014,7.76,4.0,0.000,0.010
0.014,7.76,4.0,0.000,0.015
0.014,7.76,4.0,0.000,0.020
0.014,7.76,4.0,0.000,0.025
0.014,7.76,4.0,0.000,0.030
0.014,7.76,4.0,0.000,0.035
0.014,7.76,5.0,0.000,0.005
0.014,7.76,5.0,0.000,0.010
0.014,7.76,5.0,0.000,0.015
0.014,7.76,5.0,0.000,0.020
0.014,7.76,5.0,0.000,0.025
0.014,7.76,5.0,0.000,0.030
0.014,7.76,5.0,0.000,0.035
0.014,8.04,1.0,0.000,0.005
0.014,8.04,1.0,0.000,0.010
0.014,8.04,1.0,0.000,0.015
0.014,8.04,1.0,0.000,0.020
0.014,8.04,1.0,0.000,0.025
0.014,8.04,1.0,0.000,0.030
0.014,8.04,1.0,0.000,0.035
0.014,8.04,2.0,0.000,0.005
0.014,8.04,2.0,0.000,0.010
0.014,8.04,2.0,0.000,0.015
0.014,8.04,2.0,0.000,0.020
0.014,8.04,2.0,0.000,0.025
0.014,8.04,2.0,0.000,0.030
0.014,8.04,2.0,0.000,0.035
0.014,8.04,3.0,0.000,0.005
0.014,8.04,3.0,0.000,0.010
0.014,8.04,3.0,0.000,0.015
0.014,8.04,3.0,0.000,0.020
0.014,8.04,3.0,0.000,0.025
0.014,8.04,3.0,0.000,0.030
0.014,8.04,3.0,0.000,0.035
0.014,8.04,4.0,0.000,0.005
0.014,8.04,4.0,0.000,0.010
0.014,8.04,4.0,0.000,0.015
0.014,8.04,4.0,0.000,0.020
0.014,8.04,4.0,0.000,0.025
0.014,8.04,4.0,0.000,0.030
0.014,8.04,4.0,0.000,0.035
0.014,8.04,5.0,0.000,0.005
0.014,8.04,5.0,0.000,0.010
0.014,8.04,5.0,0.000,0.015
0.014,8.04,5.0,0.000,0.020
0.014,8.04,5.0,0.000,0.025
0.014,8.04,5.0,0.000,0.030
0.014,8.04,5.0,0.000,0.035
0.014,8.32,1.0,0.000,0.005
0.014,8.32,1.0,0.000,0.010
0.014,8.32,1.0,0.000,0.015
0.014,8.32,1.0,0.000,0.020
0.014,8.32,1.0,0.000,0.025
0.014,8.32,1.0,0.000,0.030
0.014,8.32,1.0,0.000,0.035
0.014,8.32,2.0,0.000,0.005
0.014,8.32,2.0,0.000,0.010
0.014,8.32,2.0,0.000,0.015
0.014,8.32,2.0,0.000,0.020
0.014,8.32,2.0,0.000,0.025
0.014,8.32,2.0,0.000,0.030
0.014,8.32,2.0,0.000,0.035
0.014,8.32,3.0,0.000,0.005
0.014,8.32,3.0,0.000,0.010
0.014,8.32,3.0,0.000,0.015
0.014,8.32,3.0,0.000,0.020
0.014,8.32,3.0,0.000,0.025
0.014,8.32,3.0,0.000,0.030
0.014,8.32,3.0,0.000,0.035
0.014,8.32,4.0,0.000,0.005
0.014,8.32,4.0,0.000,0.010
0.014,8.32,4.0,0.000,0.015
0.014,8.32,4.0,0.000,0.020
0.014,8.32,4.0,0.000,0.025
0.014,8.32,4.0,0.000,0.030
0.014,8.32,4.0,0.000,0.035
0.014,8.32,5.0,0.000,0.005
0.014,8.32,5.0,0.000,0.010
0.014,8.32,5.0,0.000,0.015
0.014,8.32,5.0,0.000,0.020
0.014,8.32,5.0,0.000,0.025
0.014,8.32,5.0,0.000,0.030
0.014,8.32,5.0,0.000,0.035
0.014,8.61,1.0,0.000,0.005
0.014,8.61,1.0,0.000,0.010
0.014,8.61,1.0,0.000,0.015
0.014,8.61,1.0,0.000,0.020
0.014,8.61,1.0,0.000,0.025
0.014,8.61,1.0,0.000,0.030
0.014,8.61,1.0,0.000,0.035
0.014,8.61,2.0,0.000,0.005
0.014,8.61,2.0,0.000,0.010
0.014,8.61,2.0,0.000,0.015
0.014,8.61,2.0,0.000,0.020
0.014,8.61,2.0,0.000,0.025
0.014,8.61,2.0,0.000,0.030
0.014,8.61,2.0,0.000,0.035
0.014,8.61,3.0,0.000,0.005
0.014,8.61,3.0,0.000,0.010
0.014,8.61,3.0,0.000,0.015
0.014,8.61,3.0,0.000,0.020
0.014,8.61,3.0,0.000,0.025
0.014,8.61,3.0,0.000,0.030
0.014,8.61,3.0,0.000,0.035
0.014,8.61,4.0,0.000,0.005
0.014,8.61,4.0,0.000,0.010
0.014,8.61,4.0,0.000,0.015
0.014,8.61,4.0,0.000,0.020
0.014,8.61,4.0,0.000,0.025
0.014,8.61,4.0,0.000,0.030
0.014,8.61,4.0,0.000,0.035
0.014,8.61,5.0,0.000,0.005
0.014,8.61,5.0,0.000,0.010
0.014,8.61,5.0,0.000,0.015
0.014,8.61,5.0,0.000,0.020
0.014,8.61,5.0,0.000,0.025
0.014,8.61,5.0,0.000,0.030
0.014,8.61,5.0,0.000,0.035
0.014,8.91,1.0,0.000,0.005
0.014,8.91,1.0,0.000,0.010
0.014,8.91,1.0,0.000,0.015
0.014,8.91,1.0,0.000,0.020
0.014,8.91,1.0,0.000,0.025
0.014,8.91,1.0,0.000,0.030
0.014,8.91,1.0,0.000,0.035
0.014,8.91,2.0,0.000,0.005
0.014,8.91,2.0,0.000,0.010
0.014,8.91,2.0,0.000,0.015
0.014,8.91,2.0,0.000,0.020
0.014,8.91,2.0,0.000,0.025
0.014,8.91,2.0,0.000,0.030
0.014,8.91,2.0,0.000,0.035
0.014,8.91,3.0,0.000,0.005
0.014,8.91,3.0,0.000,0.010
0.014,8.91,3.0,0.000,0.015
0.014,8.91,3.0,0.000,0.020
0.014,8.91,3.0,0.000,0.025
0.014,8.91,3.0,0.000,0.030
0.014,8.91,3.0,0.000,0.035
0.014,8.91,4.0,0.000,0.005
0.014,8.91,4.0,0.000,0.010
0.014,8.91,4.0,0.000,0.015
0.014,8.91,4.0,0.000,0.020
0.014,8.91,4.0,0.000,0.025
0.014,8.91,4.0,0.000,0.030
0.014,8.91,4.0,0.000,0.035
0.014,8.91,5.0,0.000,0.005
0.014,8.91,5.0,0.000,0.010
0.014,8.91,5.0,0.000,0.015
0.014,8.91,5.0,0.000,0.020
0.014,8.91,5.0,0.000,0.025
0.014,8.91,5.0,0.000,0.030
0.014,8.91,5.0,0.000,0.035
0.014,9.23,1.0,0.000,0.005
0.014,9.23,1.0,0.000,0.010
0.014,9.23,1.0,0.000,0.015
0.014,9.23,1.0,0.000,0.020
0.014,9.23,1.0,0.000,0.025
0.014,9.23,1.0,0.000,0.030
0.014,9.23,1.0,0.000,0.035
0.014,9.23,2.0,0.000,0.005
0.014,9.23,2.0,0.000,0.010
0.014,9.23,2.0,0.000,0.015
0.014,9.23,2.0,0.000,0.020
0.014,9.23,2.0,0.000,0.025
0.014,9.23,2.0,0.000,0.030
0.014,9.23,2.0,0.000,0.035
0.014,9.23,3.0,0.000,0.005
0.014,9.23,3.0,0.000,0.010
0.014,9.23,3.0,0.000,0.015
0.014,9.23,3.0,0.000,0.020
0.014,9.23,3.0,0.000,0.025
0.014,9.23,3.0,0.000,0.030
0.014,9.23,3.0,0.000,0.035
0.014,9.23,4.0,0.000,0.005
0.014,9.23,4.0,0.000,0.010
0.014,9.23,4.0,0.000,0.015
0.014,9.23,4.0,0.000,0.020
0.014,9.23,4.0,0.000,0.025
0.014,9.23,4.0,0.000,0.030
0.014,9.23,4.0,0.000,0.035
0.014,9.23,5.0,0.000,0.005
0.014,9.23,5.0,0.000,0.010
0.014,9.23,5.0,0.000,0.015
0.014,9.23,5.0,0.000,0.020
0.014,9.23,5.0,0.000,0.025
0.014,9.23,5.0,0.000,0.030
0.014,9.23,5.0,0.000,0.035
0.014,9.55,1.0,0.000,0.005
0.014,9.55,1.0,0.000,0.010
0.014,9.55,1.0,0.000,0.015
0.014,9.55,1.0,0.000,0.020
0.014,9.55,1.0,0.000,0.025
0.014,9.55,1.0,0.000,0.030
0.014,9.55,1.0,0.000,0.035
0.014,9.55,2.0,0.000,0.005
0.014,9.55,2.0,0.000,0.010
0.014,9.55,2.0,0.000,0.015
0.014,9.55,2.0,0.000,0.020
0.014,9.55,2.0,0.000,0.025
0.014,9.55,2.0,0.000,0.030
0.014,9.55,2.0,0.000,0.035
0.014,9.55,3.0,0.000,0.005
0.014,9.55,3.0,0.000,0.010
0.014,9.55,3.0,0.000,0.015
0.014,9.55,3.0,0.000,0.020
0.014,9.55,3.0,0.000,0.025
0.014,9.55,3.0,0.000,0.030
0.014,9.55,3.0,0.000,0.035
0.014,9.55,4.0,0.000,0.005
0.014,9.55,4.0,0.000,0.010
0.014,9.55,4.0,0.000,0.015
0.014,9.55,4.0,0.000,0.020
0.014,9.55,4.0,0.000,0.025
0.014,9.55,4.0,0.000,0.030
0.014,9.55,4.0,0.000,0.035
0.014,9.55,5.0,0.000,0.005
0.014,9.55,5.0,0.000,0.010
0.014,9.55,5.0,0.000,0.015
0.014,9.55,5.0,0.000,0.020
0.014,9.55,5.0,0.000,0.025
0.014,9.55,5.0,0.000,0.030
0.014,9.55,5.0,0.000,0.035
0.014,9.89,1.0,0.000,0.005
0.014,9.89,1.0,0.000,0.010
0.014,9.89,1.0,0.000,0.015
0.014,9.89,1.0,0.000,0.020
0.014,9.89,1.0,0.000,0.025
0.014,9.89,1.0,0.000,0.030
0.014,9.89,1.0,0.000,0.035
0.014,9.89,2.0,0.000,0.005
0.014,9.89,2.0,0.000,0.010
0.014,9.89,2.0,0.000,0.015
0.014,9.89,2.0,0.000,0.020
0.014,9.89,2.0,0.000,0.025
0.014,9.89,2.0,0.000,0.030
0.014,9.89,2.0,0.000,0.035
0.014,9.89,3.0,0.000,0.005
0.014,9.89,3.0,0.000,0.010
0.014,9.89,3.0,0.000,0.015
0.014,9.89,3.0,0.000,0.020
0.014,9.89,3.0,0.000,0.025
0.014,9.89,3.0,0.000,0.030
0.014,9.89,3.0,0.000,0.035
0.014,9.89,4.0,0.000,0.005
0.014,9.89,4.0,0.000,0.010
0.014,9.89,4.0,0.000,0.015
0.014,9.89,4.0,0.000,0.020
0.014,9.89,4.0,0.000,0.025
0.014,9.89,4.0,0.000,0.030
0.014,9.89,4.0,0.000,0.035
0.014,9.89,5.0,0.000,0.005
0.014,9.89,5.0,0.000,0.010
0.014,9.89,5.0,0.000,0.015
0.014,9.89,5.0,0.000,0.020
0.014,9.89,5.0,0.000,0.025
0.014,9.89,5.0,0.000,0.030
0.014,9.89,5.0,0.000,0.035
0.014,10.23,1.0,0.000,0.005
0.014,10.23,1.0,0.000,0.010
0.014,10.23,1.0,0.000,0.015
0.014,10.23,1.0,0.000,0.020
0.014,10.23,1.0,0.000,0.025
0.014,10.23,1.0,0.000,0.030
0.014,10.23,1.0,0.000,0.035
0.014,10.23,2.0,0.000,0.005
0.014,10.23,2.0,0.000,0.010
0.014,10.23,2.0,0.000,0.015
0.014,10.23,2.0,0.000,0.020
0.014,10.23,2.0,0.000,0.025
0.014,10.23,2.0,0.000,0.030
0.014,10.23,2.0,0.000,0.035
0.014,10.23,3.0,0.000,0.005
0.014,10.23,3.0,0.000,0.010
0.014,10.23,3.0,0.000,0.015
0.014,10.23,3.0,0.000,0.020
0.014,10.23,3.0,0.000,0.025
0.014,10.23,3.0,0.000,0.030
0.014,10.23,3.0,0.000,0.035
0.014,10.23,4.0,0.000,0.005
0.014,10.23,4.0,0.000,0.010
0.014,10.23,4.0,0.000,0.015
0.014,10.23,4.0,0.000,0.020
0.014,10.23,4.0,0.000,0.025
0.014,10.23,4.0,0.000,0.030
0.014,10.23,4.0,0.000,0.035
0.014,10.23,5.0,0.000,0.005
0.014,10.23,5.0,0.000,0.010
0.014,10.23,5.0,0.000,0.015
0.014,10.23,5.0,0.000,0.020
0.014,10.23,5.0,0.000,0.025
0.014,10.23,5.0,0.000,0.030
0.014,10.23,5.0,0.000,0.035
0.014,10.59,1.0,0.000,0.005
0.014,10.59,1.0,0.000,0.010
0.014,10.59,1.0,0.000,0.015
0.014,10.59,1.0,0.000,0.020
0.014,10.59,1.0,0.000,0.025
0.014,10.59,1.0,0.000,0.030
0.014,10.59,1.0,0.000,0.035
0.014,10.59,2.0,0.000,0.005
0.014,10.59,2.0,0.000,0.010
0.014,10.59,2.0,0.000,0.015
0.014,10.59,2.0,0.000,0.020
0.014,10.59,2.0,0.000,0.025
0.014,10.59,2.0,0.000,0.030
0.014,10.59,2.0,0.000,0.035
0.014,10.59,3.0,0.000,0.005
0.014,10.59,3.0,0.000,0.010
0.014,10.59,3.0,0.000,0.015
0.014,10.59,3.0,0.000,0.020
0.014,10.59,3.0,0.000,0.025
0.014,10.59,3.0,0.000,0.030
0.014,10.59,3.0,0.000,0.035
0.014,10.59,4.0,0.000,0.005
0.014,10.59,4.0,0.000,0.010
0.014,10.59,4.0,0.000,0.015
0.014,10.59,4.0,0.000,0.020
0.014,10.59,4.0,0.000,0.025
0.014,10.59,4.0,0.000,0.030
0.014,10.59,4.0,0.000,0.035
0.014,10.59,5.0,0.000,0.005
0.014,10.59,5.0,0.000,0.010
0.014,10.59,5.0,0.000,0.015
0.014,10.59,5.0,0.000,0.020
0.014,10.59,5.0,0.000,0.025
0.014,10.59,5.0,0.000,0.030
0.014,10.59,5.0,0.000,0.035
0.014,10.96,1.0,0.000,0.005
0.014,10.96,1.0,0.000,0.010
0.014,10.96,1.0,0.000,0.015
0.014,10.96,1.0,0.000,0.020
0.014,10.96,1.0,0.000,0.025
0.014,10.96,1.0,0.000,0.030
0.014,10.96,1.0,0.000,0.035
0.014,10.96,2.0,0.000,0.005
0.014,10.96,2.0,0.000,0.010
0.014,10.96,2.0,0.000,0.015
0.014,10.96,2.0,0.000,0.020
0.014,10.96,2.0,0.000,0.025
0.014,10.96,2.0,0.000,0.030
0.014,10.96,2.0,0.000,0.035
0.014,10.96,3.0,0.000,0.005
0.014,10.96,3.0,0.000,0.010
0.014,10.96,3.0,0.000,0.015
0.014,10.96,3.0,0.000,0.020
0.014,10.96,3.0,0.000,0.025
0.014,10.96,3.0,0.000,0.030
0.014,10.96,3.0,0.000,0.035
0.014,10.96,4.0,0.000,0.005
0.014,10.96,4.0,0.000,0.010
0.014,10.96,4.0,0.000,0.015
0.014,10.96,4.0,0.000,0.020
0.014,10.96,4.0,0.000,0.025
0.014,10.96,4.0,0.000,0.030
0.014,10.96,4.0,0.000,0.035
0.014,10.96,5.0,0.000,0.005
0.014,10.96,5.0,0.000,0.010
0.014,10.96,5.0,0.000,0.015
0.014,10.96,5.0,0.000,0.020
0.014,10.96,5.0,0.000,0.025
0.014,10.96,5.0,0.000,0.030
0.014,10.96,5.0,0.000,0.035
0.014,11.35,1.0,0.000,0.005
0.014,11.35,1.0,0.000,0.010
0.014,11.35,1.0,0.000,0.015
0.014,11.35,1.0,0.000,0.020
0.014,11.35,1.0,0.000,0.025
0.014,11.35,1.0,0.000,0.030
0.014,11.35,1.0,0.000,0.035
0.014,11.35,2.0,0.000,0.005
0.014,11.35,2.0,0.000,0.010
0.014,11.35,2.0,0.000,0.015
0.014,11.35,2.0,0.000,0.020
0.014,11.35,2.0,0.000,0.025
0.014,11.35,2.0,0.000,0.030
0.014,11.35,2.0,0.000,0.035
0.014,11.35,3.0,0.000,0.005
0.014,11.35,3.0,0.000,0.010
0.014,11.35,3.0,0.000,0.015
0.014,11.35,3.0,0.000,0.020
0.014,11.35,3.0,0.000,0.025
0.014,11.35,3.0,0.000,0.030
0.014,11.35,3.0,0.000,0.035
0.014,11.35,4.0,0.000,0.005
0.014,11.35,4.0,0.000,0.010
0.014,11.35,4.0,0.000,0.015
0.014,11.35,4.0,0.000,0.020
0.014,11.35,4.0,0.000,0.025
0.014,11.35,4.0,0.000,0.030
0.014,11.35,4.0,0.000,0.035
0.014,11.35,5.0,0.000,0.005
0.014,11.35,5.0,0.000,0.010
0.014,11.35,5.0,0.000,0.015
0.014,11.35,5.0,0.000,0.020
0.014,11.35,5.0,0.000,0.025
0.014,11.35,5.0,0.000,0.030
0.014,11.35,5.0,0.000,0.035
0.014,11.75,1.0,0.000,0.005
0.014,11.75,1.0,0.000,0.010
0.014,11.75,1.0,0.000,0.015
0.014,11.75,1.0,0.000,0.020
0.014,11.75,1.0,0.000,0.025
0.014,11.75,1.0,0.000,0.030
0.014,11.75,1.0,0.000,0.035
0.014,11.75,2.0,0.000,0.005
0.014,11.75,2.0,0.000,0.010
0.014,11.75,2.0,0.000,0.015
0.014,11.75,2.0,0.000,0.020
0.014,11.75,2.0,0.000,0.025
0.014,11.75,2.0,0.000,0.030
0.014,11.75,2.0,0.000,0.035
0.014,11.75,3.0,0.000,0.005
0.014,11.75,3.0,0.000,0.010
0.014,11.75,3.0,0.000,0.015
0.014,11.75,3.0,0.000,0.020
0.014,11.75,3.0,0.000,0.025
0.014,11.75,3.0,0.000,0.030
0.014,11.75,3.0,0.000,0.035
0.014,11.75,4.0,0.000,0.005
0.014,11.75,4.0,0.000,0.010
0.014,11.75,4.0,0.000,0.015
0.014,11.75,4.0,0.000,0.020
0.014,11.75,4.0,0.000,0.025
0.014,11.75,4.0,0.000,0.030
0.014,11.75,4.0,0.000,0.035
0.014,11.75,5.0,0.000,0.005
0.014,11.75,5.0,0.000,0.010
0.014,11.75,5.0,0.000,0.015
0.014,11.75,5.0,0.000,0.020
0.014,11.75,5.0,0.000,0.025
0.014,11.75,5.0,0.000,0.030
0.014,11.75,5.0,0.000,0.035
0.014,12.16,1.0,0.000,0.005
0.014,12.16,1.0,0.000,0.010
0.014,12.16,1.0,0.000,0.015
0.014,12.16,1.0,0.000,0.020
0.014,12.16,1.0,0.000,0.025
0.014,12.16,1.0,0.000,0.030
0.014,12.16,1.0,0.000,0.035
0.014,12.16,2.0,0.000,0.005
0.014,12.16,2.0,0.000,0.010
0.014,12.16,2.0,0.000,0.015
0.014,12.16,2.0,0.000,0.020
0.014,12.16,2.0,0.000,0.025
0.014,12.16,2.0,0.000,0.030
0.014,12.16,2.0,0.000,0.035
0.014,12.16,3.0,0.000,0.005
0.014,12.16,3.0,0.000,0.010
0.014,12.16,3.0,0.000,0.015
0.014,12.16,3.0,0.000,0.020
0.014,12.16,3.0,0.000,0.025
0.014,12.16,3.0,0.000,0.030
0.014,12.16,3.0,0.000,0.035
0.014,12.16,4.0,0.000,0.005
0.014,12.16,4.0,0.000,0.010
0.014,12.16,4.0,0.000,0.015
0.014,12.16,4.0,0.000,0.020
0.014,12.16,4.0,0.000,0.025
0.014,12.16,4.0,0.000,0.030
0.014,12.16,4.0,0.000,0.035
0.014,12.16,5.0,0.000,0.005
0.014,12.16,5.0,0.000,0.010
0.014,12.16,5.0,0.000,0.015
0.014,12.16,5.0,0.000,0.020
0.014,12.16,5.0,0.000,0.025
0.014,12.16,5.0,0.000,0.030
0.014,12.16,5.0,0.000,0.035
0.014,12.59,1.0,0.000,0.005
0.014,12.59,1.0,0.000,0.010
0.014,12.59,1.0,0.000,0.015
0.014,12.59,1.0,0.000,0.020
0.014,12.59,1.0,0.000,0.025
0.014,12.59,1.0,0.000,0.030
0.014,12.59,1.0,0.000,0.035
0.014,12.59,2.0,0.000,0.005
0.014,12.59,2.0,0.000,0.010
0.014,12.59,2.0,0.000,0.015
0.014,12.59,2.0,0.000,0.020
0.014,12.59,2.0,0.000,0.025
0.014,12.59,2.0,0.000,0.030
0.014,12.59,2.0,0.000,0.035
0.014,12.59,3.0,0.000,0.005
0.014,12.59,3.0,0.000,0.010
0.014,12.59,3.0,0.000,0.015
0.014,12.59,3.0,0.000,0.020
0.014,12.59,3.0,0.000,0.025
0.014,12.59,3.0,0.000,0.030
0.014,12.59,3.0,0.000,0.035
0.014,12.59,4.0,0.000,0.005
0.014,12.59,4.0,0.000,0.010
0.014,12.59,4.0,0.000,0.015
0.014,12.59,4.0,0.000,0.020
0.014,12.59,4.0,0.000,0.025
0.014,12.59,4.0,0.000,0.030
0.014,12.59,4.0,0.000,0.035
0.014,12.59,5.0,0.000,0.005
0.014,12.59,5.0,0.000,0.010
0.014,12.59,5.0,0.000,0.015
0.014,12.59,5.0,0.000,0.020
0.014,12.59,5.0,0.000,0.025
0.014,12.59,5.0,0.000,0.030
0.014,12.59,5.0,0.000,0.035
0.014,13.03,2.0,0.000,0.005
0.014,13.03,2.0,0.000,0.010
0.014,13.03,2.0,0.000,0.015
0.014,13.03,2.0,0.000,0.020
0.014,13.03,2.0,0.000,0.025
0.014,13.03,2.0,0.000,0.030
0.014,13.03,2.0,0.000,0.035
0.014,13.03,3.0,0.000,0.005
0.014,13.03,3.0,0.000,0.010
0.014,13.03,3.0,0.000,0.015
0.014,13.03,3.0,0.000,0.020
0.014,13.03,3.0,0.000,0.025
0.014,13.03,3.0,0.000,0.030
0.014,13.03,3.0,0.000,0.035
0.014,13.03,4.0,0.000,0.005
0.014,13.03,4.0,0.000,0.010
0.014,13.03,4.0,0.000,0.015
0.014,13.03,4.0,0.000,0.020
0.014,13.03,4.0,0.000,0.025
0.014,13.03,4.0,0.000,0.030
0.014,13.03,4.0,0.000,0.035
0.014,13.03,5.0,0.000,0.005
0.014,13.03,5.0,0.000,0.010
0.014,13.03,5.0,0.000,0.015
0.014,13.03,5.0,0.000,0.020
0.014,13.03,5.0,0.000,0.025
0.014,13.03,5.0,0.000,0.030
0.014,13.03,5.0,0.000,0.035
0.014,13.03,6.0,0.000,0.005
0.014,13.03,6.0,0.000,0.010
0.014,13.03,6.0,0.000,0.015
0.014,13.03,6.0,0.000,0.020
0.014,13.03,6.0,0.000,0.025
0.014,13.03,6.0,0.000,0.030
0.014,13.03,6.0,0.000,0.035
0.014,13.49,2.0,0.000,0.005
0.014,13.49,2.0,0.000,0.010
0.014,13.49,2.0,0.000,0.015
0.014,13.49,2.0,0.000,0.020
0.014,13.49,2.0,0.000,0.025
0.014,13.49,2.0,0.000,0.030
0.014,13.49,2.0,0.000,0.035
0.014,13.49,3.0,0.000,0.005
0.014,13.49,3.0,0.000,0.010
0.014,13.49,3.0,0.000,0.015
0.014,13.49,3.0,0.000,0.020
0.014,13.49,3.0,0.000,0.025
0.014,13.49,3.0,0.000,0.030
0.014,13.49,3.0,0.000,0.035
0.014,13.49,4.0,0.000,0.005
0.014,13.49,4.0,0.000,0.010
0.014,13.49,4.0,0.000,0.015
0.014,13.49,4.0,0.000,0.020
0.014,13.49,4.0,0.000,0.025
0.014,13.49,4.0,0.000,0.030
0.014,13.49,4.0,0.000,0.035
0.014,13.49,5.0,0.000,0.005
0.014,13.49,5.0,0.000,0.010
0.014,13.49,5.0,0.000,0.015
0.014,13.49,5.0,0.000,0.020
0.014,13.49,5.0,0.000,0.025
0.014,13.49,5.0,0.000,0.030
0.014,13.49,5.0,0.000,0.035
0.014,13.49,6.0,0.000,0.005
0.014,13.49,6.0,0.000,0.010
0.014,13.49,6.0,0.000,0.015
0.014,13.49,6.0,0.000,0.020
0.014,13.49,6.0,0.000,0.025
0.014,13.49,6.0,0.000,0.030
0.014,13.49,6.0,0.000,0.035
0.014,13.96,2.0,0.000,0.005
0.014,13.96,2.0,0.000,0.010
0.014,13.96,2.0,0.000,0.015
0.014,13.96,2.0,0.000,0.020
0.014,13.96,2.0,0.000,0.025
0.014,13.96,2.0,0.000,0.030
0.014,13.96,2.0,0.000,0.035
0.014,13.96,3.0,0.000,0.005
0.014,13.96,3.0,0.000,0.010
0.014,13.96,3.0,0.000,0.015
0.014,13.96,3.0,0.000,0.020
0.014,13.96,3.0,0.000,0.025
0.014,13.96,3.0,0.000,0.030
0.014,13.96,3.0,0.000,0.035
0.014,13.96,4.0,0.000,0.005
0.014,13.96,4.0,0.000,0.010
0.014,13.96,4.0,0.000,0.015
0.014,13.96,4.0,0.000,0.020
0.014,13.96,4.0,0.000,0.025
0.014,13.96,4.0,0.000,0.030
0.014,13.96,4.0,0.000,0.035
0.014,13.96,5.0,0.000,0.005
0.014,13.96,5.0,0.000,0.010
0.014,13.96,5.0,0.000,0.015
0.014,13.96,5.0,0.000,0.020
0.014,13.96,5.0,0.000,0.025
0.014,13.96,5.0,0.000,0.030
0.014,13.96,5.0,0.000,0.035
0.014,13.96,6.0,0.000,0.005
0.014,13.96,6.0,0.000,0.010
0.014,13.96,6.0,0.000,0.015
0.014,13.96,6.0,0.000,0.020
0.014,13.96,6.0,0.000,0.025
0.014,13.96,6.0,0.000,0.030
0.014,13.96,6.0,0.000,0.035
0.014,14.45,2.0,0.000,0.005
0.014,14.45,2.0,0.000,0.010
0.014,14.45,2.0,0.000,0.015
0.014,14.45,2.0,0.000,0.020
0.014,14.45,2.0,0.000,0.025
0.014,14.45,2.0,0.000,0.030
0.014,14.45,2.0,0.000,0.035
0.014,14.45,3.0,0.000,0.005
0.014,14.45,3.0,0.000,0.010
0.014,14.45,3.0,0.000,0.015
0.014,14.45,3.0,0.000,0.020
0.014,14.45,3.0,0.000,0.025
0.014,14.45,3.0,0.000,0.030
0.014,14.45,3.0,0.000,0.035
0.014,14.45,4.0,0.000,0.005
0.014,14.45,4.0,0.000,0.010
0.014,14.45,4.0,0.000,0.015
0.014,14.45,4.0,0.000,0.020
0.014,14.45,4.0,0.000,0.025
0.014,14.45,4.0,0.000,0.030
0.014,14.45,4.0,0.000,0.035
0.014,14.45,5.0,0.000,0.005
0.014,14.45,5.0,0.000,0.010
0.014,14.45,5.0,0.000,0.015
0.014,14.45,5.0,0.000,0.020
0.014,14.45,5.0,0.000,0.025
0.014,14.45,5.0,0.000,0.030
0.014,14.45,5.0,0.000,0.035
0.014,14.45,6.0,0.000,0.005
0.014,14.45,6.0,0.000,0.010
0.014,14.45,6.0,0.000,0.015
0.014,14.45,6.0,0.000,0.020
0.014,14.45,6.0,0.000,0.025
0.014,14.45,6.0,0.000,0.030
0.014,14.45,6.0,0.000,0.035
0.014,14.96,2.0,0.000,0.005
0.014,14.96,2.0,0.000,0.010
0.014,14.96,2.0,0.000,0.015
0.014,14.96,2.0,0.000,0.020
0.014,14.96,2.0,0.000,0.025
0.014,14.96,2.0,0.000,0.030
0.014,14.96,2.0,0.000,0.035
0.014,14.96,3.0,0.000,0.005
0.014,14.96,3.0,0.000,0.010
0.014,14.96,3.0,0.000,0.015
0.014,14.96,3.0,0.000,0.020
0.014,14.96,3.0,0.000,0.025
0.014,14.96,3.0,0.000,0.030
0.014,14.96,3.0,0.000,0.035
0.014,14.96,4.0,0.000,0.005
0.014,14.96,4.0,0.000,0.010
0.014,14.96,4.0,0.000,0.015
0.014,14.96,4.0,0.000,0.020
0.014,14.96,4.0,0.000,0.025
0.014,14.96,4.0,0.000,0.030
0.014,14.96,4.0,0.000,0.035
0.014,14.96,5.0,0.000,0.005
0.014,14.96,5.0,0.000,0.010
0.014,14.96,5.0,0.000,0.015
0.014,14.96,5.0,0.000,0.020
0.014,14.96,5.0,0.000,0.025
0.014,14.96,5.0,0.000,0.030
0.014,14.96,5.0,0.000,0.035
0.014,14.96,6.0,0.000,0.005
0.014,14.96,6.0,0.000,0.010
0.014,14.96,6.0,0.000,0.015
0.014,14.96,6.0,0.000,0.020
0.014,14.96,6.0,0.000,0.025
0.014,14.96,6.0,0.000,0.030
0.014,14.96,6.0,0.000,0.035
0.014,15.49,2.0,0.000,0.005
0.014,15.49,2.0,0.000,0.010
0.014,15.49,2.0,0.000,0.015
0.014,15.49,2.0,0.000,0.020
0.014,15.49,2.0,0.000,0.025
0.014,15.49,2.0,0.000,0.030
0.014,15.49,2.0,0.000,0.035
0.014,15.49,3.0,0.000,0.005
0.014,15.49,3.0,0.000,0.010
0.014,15.49,3.0,0.000,0.015
0.014,15.49,3.0,0.000,0.020
0.014,15.49,3.0,0.000,0.025
0.014,15.49,3.0,0.000,0.030
0.014,15.49,3.0,0.000,0.035
0.014,15.49,4.0,0.000,0.005
0.014,15.49,4.0,0.000,0.010
0.014,15.49,4.0,0.000,0.015
0.014,15.49,4.0,0.000,0.020
0.014,15.49,4.0,0.000,0.025
0.014,15.49,4.0,0.000,0.030
0.014,15.49,4.0,0.000,0.035
0.014,15.49,5.0,0.000,0.005
0.014,15.49,5.0,0.000,0.010
0.014,15.49,5.0,0.000,0.015
0.014,15.49,5.0,0.000,0.020
0.014,15.49,5.0,0.000,0.025
0.014,15.49,5.0,0.000,0.030
0.014,15.49,5.0,0.000,0.035
0.014,15.49,6.0,0.000,0.005
0.014,15.49,6.0,0.000,0.010
0.014,15.49,6.0,0.000,0.015
0.014,15.49,6.0,0.000,0.020
0.014,15.49,6.0,0.000,0.025
0.014,15.49,6.0,0.000,0.030
0.014,15.49,6.0,0.000,0.035
0.014,16.03,2.0,0.000,0.005
0.014,16.03,2.0,0.000,0.010
0.014,16.03,2.0,0.000,0.015
0.014,16.03,2.0,0.000,0.020
0.014,16.03,2.0,0.000,0.025
0.014,16.03,2.0,0.000,0.030
0.014,16.03,2.0,0.000,0.035
0.014,16.03,3.0,0.000,0.005
0.014,16.03,3.0,0.000,0.010
0.014,16.03,3.0,0.000,0.015
0.014,16.03,3.0,0.000,0.020
0.014,16.03,3.0,0.000,0.025
0.014,16.03,3.0,0.000,0.030
0.014,16.03,3.0,0.000,0.035
0.014,16.03,4.0,0.000,0.005
0.014,16.03,4.0,0.000,0.010
0.014,16.03,4.0,0.000,0.015
0.014,16.03,4.0,0.000,0.020
0.014,16.03,4.0,0.000,0.025
0.014,16.03,4.0,0.000,0.030
0.014,16.03,4.0,0.000,0.035
0.014,16.03,5.0,0.000,0.005
0.014,16.03,5.0,0.000,0.010
0.014,16.03,5.0,0.000,0.015
0.014,16.03,5.0,0.000,0.020
0.014,16.03,5.0,0.000,0.025
0.014,16.03,5.0,0.000,0.030
0.014,16.03,5.0,0.000,0.035
0.014,16.03,6.0,0.000,0.005
0.014,16.03,6.0,0.000,0.010
0.014,16.03,6.0,0.000,0.015
0.014,16.03,6.0,0.000,0.020
0.014,16.03,6.0,0.000,0.025
0.014,16.03,6.0,0.000,0.030
0.014,16.03,6.0,0.000,0.035
0.014,16.60,2.0,0.000,0.005
0.014,16.60,2.0,0.000,0.010
0.014,16.60,2.0,0.000,0.015
0.014,16.60,2.0,0.000,0.020
0.014,16.60,2.0,0.000,0.025
0.014,16.60,2.0,0.000,0.030
0.014,16.60,2.0,0.000,0.035
0.014,16.60,3.0,0.000,0.005
0.014,16.60,3.0,0.000,0.010
0.014,16.60,3.0,0.000,0.015
0.014,16.60,3.0,0.000,0.020
0.014,16.60,3.0,0.000,0.025
0.014,16.60,3.0,0.000,0.030
0.014,16.60,3.0,0.000,0.035
0.014,16.60,4.0,0.000,0.005
0.014,16.60,4.0,0.000,0.010
0.014,16.60,4.0,0.000,0.015
0.014,16.60,4.0,0.000,0.020
0.014,16.60,4.0,0.000,0.025
0.014,16.60,4.0,0.000,0.030
0.014,16.60,4.0,0.000,0.035
0.014,16.60,5.0,0.000,0.005
0.014,16.60,5.0,0.000,0.010
0.014,16.60,5.0,0.000,0.015
0.014,16.60,5.0,0.000,0.020
0.014,16.60,5.0,0.000,0.025
0.014,16.60,5.0,0.000,0.030
0.014,16.60,5.0,0.000,0.035
0.014,16.60,6.0,0.000,0.005
0.014,16.60,6.0,0.000,0.010
0.014,16.60,6.0,0.000,0.015
0.014,16.60,6.0,0.000,0.020
0.014,16.60,6.0,0.000,0.025
0.014,16.60,6.0,0.000,0.030
0.014,16.60,6.0,0.000,0.035
0.014,17.18,2.0,0.000,0.005
0.014,17.18,2.0,0.000,0.010
0.014,17.18,2.0,0.000,0.015
0.014,17.18,2.0,0.000,0.020
0.014,17.18,2.0,0.000,0.025
0.014,17.18,2.0,0.000,0.030
0.014,17.18,2.0,0.000,0.035
0.014,17.18,3.0,0.000,0.005
0.014,17.18,3.0,0.000,0.010
0.014,17.18,3.0,0.000,0.015
0.014,17.18,3.0,0.000,0.020
0.014,17.18,3.0,0.000,0.025
0.014,17.18,3.0,0.000,0.030
0.014,17.18,3.0,0.000,0.035
0.014,17.18,4.0,0.000,0.005
0.014,17.18,4.0,0.000,0.010
0.014,17.18,4.0,0.000,0.015
0.014,17.18,4.0,0.000,0.020
0.014,17.18,4.0,0.000,0.025
0.014,17.18,4.0,0.000,0.030
0.014,17.18,4.0,0.000,0.035
0.014,17.18,5.0,0.000,0.005
0.014,17.18,5.0,0.000,0.010
0.014,17.18,5.0,0.000,0.015
0.014,17.18,5.0,0.000,0.020
0.014,17.18,5.0,0.000,0.025
0.014,17.18,5.0,0.000,0.030
0.014,17.18,5.0,0.000,0.035
0.014,17.18,6.0,0.000,0.005
0.014,17.18,6.0,0.000,0.010
0.014,17.18,6.0,0.000,0.015
0.014,17.18,6.0,0.000,0.020
0.014,17.18,6.0,0.000,0.025
0.014,17.18,6.0,0.000,0.030
0.014,17.18,6.0,0.000,0.035
0.014,17.78,2.0,0.000,0.005
0.014,17.78,2.0,0.000,0.010
0.014,17.78,2.0,0.000,0.015
0.014,17.78,2.0,0.000,0.020
0.014,17.78,2.0,0.000,0.025
0.014,17.78,2.0,0.000,0.030
0.014,17.78,2.0,0.000,0.035
0.014,17.78,3.0,0.000,0.005
0.014,17.78,3.0,0.000,0.010
0.014,17.78,3.0,0.000,0.015
0.014,17.78,3.0,0.000,0.020
0.014,17.78,3.0,0.000,0.025
0.014,17.78,3.0,0.000,0.030
0.014,17.78,3.0,0.000,0.035
0.014,17.78,4.0,0.000,0.005
0.014,17.78,4.0,0.000,0.010
0.014,17.78,4.0,0.000,0.015
0.014,17.78,4.0,0.000,0.020
0.014,17.78,4.0,0.000,0.025
0.014,17.78,4.0,0.000,0.030
0.014,17.78,4.0,0.000,0.035
0.014,17.78,5.0,0.000,0.005
0.014,17.78,5.0,0.000,0.010
0.014,17.78,5.0,0.000,0.015
0.014,17.78,5.0,0.000,0.020
0.014,17.78,5.0,0.000,0.025
0.014,17.78,5.0,0.000,0.030
0.014,17.78,5.0,0.000,0.035
0.014,17.78,6.0,0.000,0.005
0.014,17.78,6.0,0.000,0.010
0.014,17.78,6.0,0.000,0.015
0.014,17.78,6.0,0.000,0.020
0.014,17.78,6.0,0.000,0.025
0.014,17.78,6.0,0.000,0.030
0.014,17.78,6.0,0.000,0.035
0.014,18.41,2.0,0.000,0.005
0.014,18.41,2.0,0.000,0.010
0.014,18.41,2.0,0.000,0.015
0.014,18.41,2.0,0.000,0.020
0.014,18.41,2.0,0.000,0.025
0.014,18.41,2.0,0.000,0.030
0.014,18.41,2.0,0.000,0.035
0.014,18.41,3.0,0.000,0.005
0.014,18.41,3.0,0.000,0.010
0.014,18.41,3.0,0.000,0.015
0.014,18.41,3.0,0.000,0.020
0.014,18.41,3.0,0.000,0.025
0.014,18.41,3.0,0.000,0.030
0.014,18.41,3.0,0.000,0.035
0.014,18.41,4.0,0.000,0.005
0.014,18.41,4.0,0.000,0.010
0.014,18.41,4.0,0.000,0.015
0.014,18.41,4.0,0.000,0.020
0.014,18.41,4.0,0.000,0.025
0.014,18.41,4.0,0.000,0.030
0.014,18.41,4.0,0.000,0.035
0.014,18.41,5.0,0.000,0.005
0.014,18.41,5.0,0.000,0.010
0.014,18.41,5.0,0.000,0.015
0.014,18.41,5.0,0.000,0.020
0.014,18.41,5.0,0.000,0.025
0.014,18.41,5.0,0.000,0.030
0.014,18.41,5.0,0.000,0.035
0.014,18.41,6.0,0.000,0.005
0.014,18.41,6.0,0.000,0.010
0.014,18.41,6.0,0.000,0.015
0.014,18.41,6.0,0.000,0.020
0.014,18.41,6.0,0.000,0.025
0.014,18.41,6.0,0.000,0.030
0.014,18.41,6.0,0.000,0.035
0.014,19.05,2.0,0.000,0.005
0.014,19.05,2.0,0.000,0.010
0.014,19.05,2.0,0.000,0.015
0.014,19.05,2.0,0.000,0.020
0.014,19.05,2.0,0.000,0.025
0.014,19.05,2.0,0.000,0.030
0.014,19.05,2.0,0.000,0.035
0.014,19.05,3.0,0.000,0.005
0.014,19.05,3.0,0.000,0.010
0.014,19.05,3.0,0.000,0.015
0.014,19.05,3.0,0.000,0.020
0.014,19.05,3.0,0.000,0.025
0.014,19.05,3.0,0.000,0.030
0.014,19.05,3.0,0.000,0.035
0.014,19.05,4.0,0.000,0.005
0.014,19.05,4.0,0.000,0.010
0.014,19.05,4.0,0.000,0.015
0.014,19.05,4.0,0.000,0.020
0.014,19.05,4.0,0.000,0.025
0.014,19.05,4.0,0.000,0.030
0.014,19.05,4.0,0.000,0.035
0.014,19.05,5.0,0.000,0.005
0.014,19.05,5.0,0.000,0.010
0.014,19.05,5.0,0.000,0.015
0.014,19.05,5.0,0.000,0.020
0.014,19.05,5.0,0.000,0.025
0.014,19.05,5.0,0.000,0.030
0.014,19.05,5.0,0.000,0.035
0.014,19.05,6.0,0.000,0.005
0.014,19.05,6.0,0.000,0.010
0.014,19.05,6.0,0.000,0.015
0.014,19.05,6.0,0.000,0.020
0.014,19.05,6.0,0.000,0.025
0.014,19.05,6.0,0.000,0.030
0.014,19.05,6.0,0.000,0.035
0.014,19.72,2.0,0.000,0.005
0.014,19.72,2.0,0.000,0.010
0.014,19.72,2.0,0.000,0.015
0.014,19.72,2.0,0.000,0.020
0.014,19.72,2.0,0.000,0.025
0.014,19.72,2.0,0.000,0.030
0.014,19.72,2.0,0.000,0.035
0.014,19.72,3.0,0.000,0.005
0.014,19.72,3.0,0.000,0.010
0.014,19.72,3.0,0.000,0.015
0.014,19.72,3.0,0.000,0.020
0.014,19.72,3.0,0.000,0.025
0.014,19.72,3.0,0.000,0.030
0.014,19.72,3.0,0.000,0.035
0.014,19.72,4.0,0.000,0.005
0.014,19.72,4.0,0.000,0.010
0.014,19.72,4.0,0.000,0.015
0.014,19.72,4.0,0.000,0.020
0.014,19.72,4.0,0.000,0.025
0.014,19.72,4.0,0.000,0.030
0.014,19.72,4.0,0.000,0.035
0.014,19.72,5.0,0.000,0.005
0.014,19.72,5.0,0.000,0.010
0.014,19.72,5.0,0.000,0.015
0.014,19.72,5.0,0.000,0.020
0.014,19.72,5.0,0.000,0.025
0.014,19.72,5.0,0.000,0.030
0.014,19.72,5.0,0.000,0.035
0.014,19.72,6.0,0.000,0.005
0.014,19.72,6.0,0.000,0.010
0.014,19.72,6.0,0.000,0.015
0.014,19.72,6.0,0.000,0.020
0.014,19.72,6.0,0.000,0.025
0.014,19.72,6.0,0.000,0.030
0.014,19.72,6.0,0.000,0.035
0.014,20.42,2.0,0.000,0.005
0.014,20.42,2.0,0.000,0.010
0.014,20.42,2.0,0.000,0.015
0.014,20.42,2.0,0.000,0.020
0.014,20.42,2.0,0.000,0.025
0.014,20.42,2.0,0.000,0.030
0.014,20.42,2.0,0.000,0.035
0.014,20.42,3.0,0.000,0.005
0.014,20.42,3.0,0.000,0.010
0.014,20.42,3.0,0.000,0.015
0.014,20.42,3.0,0.000,0.020
0.014,20.42,3.0,0.000,0.025
0.014,20.42,3.0,0.000,0.030
0.014,20.42,3.0,0.000,0.035
0.014,20.42,4.0,0.000,0.005
0.014,20.42,4.0,0.000,0.010
0.014,20.42,4.0,0.000,0.015
0.014,20.42,4.0,0.000,0.020
0.014,20.42,4.0,0.000,0.025
0.014,20.42,4.0,0.000,0.030
0.014,20.42,4.0,0.000,0.035
0.014,20.42,5.0,0.000,0.005
0.014,20.42,5.0,0.000,0.010
0.014,20.42,5.0,0.000,0.015
0.014,20.42,5.0,0.000,0.020
0.014,20.42,5.0,0.000,0.025
0.014,20.42,5.0,0.000,0.030
0.014,20.42,5.0,0.000,0.035
0.014,20.42,6.0,0.000,0.005
0.014,20.42,6.0,0.000,0.010
0.014,20.42,6.0,0.000,0.015
0.014,20.42,6.0,0.000,0.020
0.014,20.42,6.0,0.000,0.025
0.014,20.42,6.0,0.000,0.030
0.014,20.42,6.0,0.000,0.035
0.014,21.13,2.0,0.000,0.005
0.014,21.13,2.0,0.000,0.010
0.014,21.13,2.0,0.000,0.015
0.014,21.13,2.0,0.000,0.020
0.014,21.13,2.0,0.000,0.025
0.014,21.13,2.0,0.000,0.030
0.014,21.13,2.0,0.000,0.035
0.014,21.13,3.0,0.000,0.005
0.014,21.13,3.0,0.000,0.010
0.014,21.13,3.0,0.000,0.015
0.014,21.13,3.0,0.000,0.020
0.014,21.13,3.0,0.000,0.025
0.014,21.13,3.0,0.000,0.030
0.014,21.13,3.0,0.000,0.035
0.014,21.13,4.0,0.000,0.005
0.014,21.13,4.0,0.000,0.010
0.014,21.13,4.0,0.000,0.015
0.014,21.13,4.0,0.000,0.020
0.014,21.13,4.0,0.000,0.025
0.014,21.13,4.0,0.000,0.030
0.014,21.13,4.0,0.000,0.035
0.014,21.13,5.0,0.000,0.005
0.014,21.13,5.0,0.000,0.010
0.014,21.13,5.0,0.000,0.015
0.014,21.13,5.0,0.000,0.020
0.014,21.13,5.0,0.000,0.025
0.014,21.13,5.0,0.000,0.030
0.014,21.13,5.0,0.000,0.035
0.014,21.13,6.0,0.000,0.005
0.014,21.13,6.0,0.000,0.010
0.014,21.13,6.0,0.000,0.015
0.014,21.13,6.0,0.000,0.020
0.014,21.13,6.0,0.000,0.025
0.014,21.13,6.0,0.000,0.030
0.014,21.13,6.0,0.000,0.035
0.014,21.88,2.0,0.000,0.005
0.014,21.88,2.0,0.000,0.010
0.014,21.88,2.0,0.000,0.015
0.014,21.88,2.0,0.000,0.020
0.014,21.88,2.0,0.000,0.025
0.014,21.88,2.0,0.000,0.030
0.014,21.88,2.0,0.000,0.035
0.014,21.88,3.0,0.000,0.005
0.014,21.88,3.0,0.000,0.010
0.014,21.88,3.0,0.000,0.015
0.014,21.88,3.0,0.000,0.020
0.014,21.88,3.0,0.000,0.025
0.014,21.88,3.0,0.000,0.030
0.014,21.88,3.0,0.000,0.035
0.014,21.88,4.0,0.000,0.005
0.014,21.88,4.0,0.000,0.010
0.014,21.88,4.0,0.000,0.015
0.014,21.88,4.0,0.000,0.020
0.014,21.88,4.0,0.000,0.025
0.014,21.88,4.0,0.000,0.030
0.014,21.88,4.0,0.000,0.035
0.014,21.88,5.0,0.000,0.005
0.014,21.88,5.0,0.000,0.010
0.014,21.88,5.0,0.000,0.015
0.014,21.88,5.0,0.000,0.020
0.014,21.88,5.0,0.000,0.025
0.014,21.88,5.0,0.000,0.030
0.014,21.88,5.0,0.000,0.035
0.014,21.88,6.0,0.000,0.005
0.014,21.88,6.0,0.000,0.010
0.014,21.88,6.0,0.000,0.015
0.014,21.88,6.0,0.000,0.020
0.014,21.88,6.0,0.000,0.025
0.014,21.88,6.0,0.000,0.030
0.014,21.88,6.0,0.000,0.035
0.014,22.65,2.0,0.000,0.005
0.014,22.65,2.0,0.000,0.010
0.014,22.65,2.0,0.000,0.015
0.014,22.65,2.0,0.000,0.020
0.014,22.65,2.0,0.000,0.025
0.014,22.65,2.0,0.000,0.030
0.014,22.65,2.0,0.000,0.035
0.014,22.65,3.0,0.000,0.005
0.014,22.65,3.0,0.000,0.010
0.014,22.65,3.0,0.000,0.015
0.014,22.65,3.0,0.000,0.020
0.014,22.65,3.0,0.000,0.025
0.014,22.65,3.0,0.000,0.030
0.014,22.65,3.0,0.000,0.035
0.014,22.65,4.0,0.000,0.005
0.014,22.65,4.0,0.000,0.010
0.014,22.65,4.0,0.000,0.015
0.014,22.65,4.0,0.000,0.020
0.014,22.65,4.0,0.000,0.025
0.014,22.65,4.0,0.000,0.030
0.014,22.65,4.0,0.000,0.035
0.014,22.65,5.0,0.000,0.005
0.014,22.65,5.0,0.000,0.010
0.014,22.65,5.0,0.000,0.015
0.014,22.65,5.0,0.000,0.020
0.014,22.65,5.0,0.000,0.025
0.014,22.65,5.0,0.000,0.030
0.014,22.65,5.0,0.000,0.035
0.014,22.65,6.0,0.000,0.005
0.014,22.65,6.0,0.000,0.010
0.014,22.65,6.0,0.000,0.015
0.014,22.65,6.0,0.000,0.020
0.014,22.65,6.0,0.000,0.025
0.014,22.65,6.0,0.000,0.030
0.014,22.65,6.0,0.000,0.035
0.014,23.44,2.0,0.000,0.005
0.014,23.44,2.0,0.000,0.010
0.014,23.44,2.0,0.000,0.015
0.014,23.44,2.0,0.000,0.020
0.014,23.44,2.0,0.000,0.025
0.014,23.44,2.0,0.000,0.030
0.014,23.44,2.0,0.000,0.035
0.014,23.44,3.0,0.000,0.005
0.014,23.44,3.0,0.000,0.010
0.014,23.44,3.0,0.000,0.015
0.014,23.44,3.0,0.000,0.020
0.014,23.44,3.0,0.000,0.025
0.014,23.44,3.0,0.000,0.030
0.014,23.44,3.0,0.000,0.035
0.014,23.44,4.0,0.000,0.005
0.014,23.44,4.0,0.000,0.010
0.014,23.44,4.0,0.000,0.015
0.014,23.44,4.0,0.000,0.020
0.014,23.44,4.0,0.000,0.025
0.014,23.44,4.0,0.000,0.030
0.014,23.44,4.0,0.000,0.035
0.014,23.44,5.0,0.000,0.005
0.014,23.44,5.0,0.000,0.010
0.014,23.44,5.0,0.000,0.015
0.014,23.44,5.0,0.000,0.020
0.014,23.44,5.0,0.000,0.025
0.014,23.44,5.0,0.000,0.030
0.014,23.44,5.0,0.000,0.035
0.014,23.44,6.0,0.000,0.005
0.014,23.44,6.0,0.000,0.010
0.014,23.44,6.0,0.000,0.015
0.014,23.44,6.0,0.000,0.020
0.014,23.44,6.0,0.000,0.025
0.014,23.44,6.0,0.000,0.030
0.014,23.44,6.0,0.000,0.035
0.014,24.27,2.0,0.000,0.005
0.014,24.27,2.0,0.000,0.010
0.014,24.27,2.0,0.000,0.015
0.014,24.27,2.0,0.000,0.020
0.014,24.27,2.0,0.000,0.025
0.014,24.27,2.0,0.000,0.030
0.014,24.27,2.0,0.000,0.035
0.014,24.27,3.0,0.000,0.005
0.014,24.27,3.0,0.000,0.010
0.014,24.27,3.0,0.000,0.015
0.014,24.27,3.0,0.000,0.020
0.014,24.27,3.0,0.000,0.025
0.014,24.27,3.0,0.000,0.030
0.014,24.27,3.0,0.000,0.035
0.014,24.27,4.0,0.000,0.005
0.014,24.27,4.0,0.000,0.010
0.014,24.27,4.0,0.000,0.015
0.014,24.27,4.0,0.000,0.020
0.014,24.27,4.0,0.000,0.025
0.014,24.27,4.0,0.000,0.030
0.014,24.27,4.0,0.000,0.035
0.014,24.27,5.0,0.000,0.005
0.014,24.27,5.0,0.000,0.010
0.014,24.27,5.0,0.000,0.015
0.014,24.27,5.0,0.000,0.020
0.014,24.27,5.0,0.000,0.025
0.014,24.27,5.0,0.000,0.030
0.014,24.27,5.0,0.000,0.035
0.014,24.27,6.0,0.000,0.005
0.014,24.27,6.0,0.000,0.010
0.014,24.27,6.0,0.000,0.015
0.014,24.27,6.0,0.000,0.020
0.014,24.27,6.0,0.000,0.025
0.014,24.27,6.0,0.000,0.030
0.014,24.27,6.0,0.000,0.035
0.014,25.12,2.0,0.000,0.005
0.014,25.12,2.0,0.000,0.010
0.014,25.12,2.0,0.000,0.015
0.014,25.12,2.0,0.000,0.020
0.014,25.12,2.0,0.000,0.025
0.014,25.12,2.0,0.000,0.030
0.014,25.12,2.0,0.000,0.035
0.014,25.12,3.0,0.000,0.005
0.014,25.12,3.0,0.000,0.010
0.014,25.12,3.0,0.000,0.015
0.014,25.12,3.0,0.000,0.020
0.014,25.12,3.0,0.000,0.025
0.014,25.12,3.0,0.000,0.030
0.014,25.12,3.0,0.000,0.035
0.014,25.12,4.0,0.000,0.005
0.014,25.12,4.0,0.000,0.010
0.014,25.12,4.0,0.000,0.015
0.014,25.12,4.0,0.000,0.020
0.014,25.12,4.0,0.000,0.025
0.014,25.12,4.0,0.000,0.030
0.014,25.12,4.0,0.000,0.035
0.014,25.12,5.0,0.000,0.005
0.014,25.12,5.0,0.000,0.010
0.014,25.12,5.0,0.000,0.015
0.014,25.12,5.0,0.000,0.020
0.014,25.12,5.0,0.000,0.025
0.014,25.12,5.0,0.000,0.030
0.014,25.12,5.0,0.000,0.035
0.014,25.12,6.0,0.000,0.005
0.014,25.12,6.0,0.000,0.010
0.014,25.12,6.0,0.000,0.015
0.014,25.12,6.0,0.000,0.020
0.014,25.12,6.0,0.000,0.025
0.014,25.12,6.0,0.000,0.030
0.014,25.12,6.0,0.000,0.035
0.014,26.00,2.0,0.000,0.005
0.014,26.00,2.0,0.000,0.010
0.014,26.00,2.0,0.000,0.015
0.014,26.00,2.0,0.000,0.020
0.014,26.00,2.0,0.000,0.025
0.014,26.00,2.0,0.000,0.030
0.014,26.00,2.0,0.000,0.035
0.014,26.00,3.0,0.000,0.005
0.014,26.00,3.0,0.000,0.010
0.014,26.00,3.0,0.000,0.015
0.014,26.00,3.0,0.000,0.020
0.014,26.00,3.0,0.000,0.025
0.014,26.00,3.0,0.000,0.030
0.014,26.00,3.0,0.000,0.035
0.014,26.00,4.0,0.000,0.005
0.014,26.00,4.0,0.000,0.010
0.014,26.00,4.0,0.000,0.015
0.014,26.00,4.0,0.000,0.020
0.014,26.00,4.0,0.000,0.025
0.014,26.00,4.0,0.000,0.030
0.014,26.00,4.0,0.000,0.035
0.014,26.00,5.0,0.000,0.005
0.014,26.00,5.0,0.000,0.010
0.014,26.00,5.0,0.000,0.015
0.014,26.00,5.0,0.000,0.020
0.014,26.00,5.0,0.000,0.025
0.014,26.00,5.0,0.000,0.030
0.014,26.00,5.0,0.000,0.035
0.014,26.00,6.0,0.000,0.005
0.014,26.00,6.0,0.000,0.010
0.014,26.00,6.0,0.000,0.015
0.014,26.00,6.0,0.000,0.020
0.014,26.00,6.0,0.000,0.025
0.014,26.00,6.0,0.000,0.030
0.014,26.00,6.0,0.000,0.035
0.014,26.92,2.0,0.000,0.005
0.014,26.92,2.0,0.000,0.010
0.014,26.92,2.0,0.000,0.015
0.014,26.92,2.0,0.000,0.020
0.014,26.92,2.0,0.000,0.025
0.014,26.92,2.0,0.000,0.030
0.014,26.92,2.0,0.000,0.035
0.014,26.92,3.0,0.000,0.005
0.014,26.92,3.0,0.000,0.010
0.014,26.92,3.0,0.000,0.015
0.014,26.92,3.0,0.000,0.020
0.014,26.92,3.0,0.000,0.025
0.014,26.92,3.0,0.000,0.030
0.014,26.92,3.0,0.000,0.035
0.014,26.92,4.0,0.000,0.005
0.014,26.92,4.0,0.000,0.010
0.014,26.92,4.0,0.000,0.015
0.014,26.92,4.0,0.000,0.020
0.014,26.92,4.0,0.000,0.025
0.014,26.92,4.0,0.000,0.030
0.014,26.92,4.0,0.000,0.035
0.014,26.92,5.0,0.000,0.005
0.014,26.92,5.0,0.000,0.010
0.014,26.92,5.0,0.000,0.015
0.014,26.92,5.0,0.000,0.020
0.014,26.92,5.0,0.000,0.025
0.014,26.92,5.0,0.000,0.030
0.014,26.92,5.0,0.000,0.035
0.014,26.92,6.0,0.000,0.005
0.014,26.92,6.0,0.000,0.010
0.014,26.92,6.0,0.000,0.015
0.014,26.92,6.0,0.000,0.020
0.014,26.92,6.0,0.000,0.025
0.014,26.92,6.0,0.000,0.030
0.014,26.92,6.0,0.000,0.035
0.014,27.86,2.0,0.000,0.005
0.014,27.86,2.0,0.000,0.010
0.014,27.86,2.0,0.000,0.015
0.014,27.86,2.0,0.000,0.020
0.014,27.86,2.0,0.000,0.025
0.014,27.86,2.0,0.000,0.030
0.014,27.86,2.0,0.000,0.035
0.014,27.86,3.0,0.000,0.005
0.014,27.86,3.0,0.000,0.010
0.014,27.86,3.0,0.000,0.015
0.014,27.86,3.0,0.000,0.020
0.014,27.86,3.0,0.000,0.025
0.014,27.86,3.0,0.000,0.030
0.014,27.86,3.0,0.000,0.035
0.014,27.86,4.0,0.000,0.005
0.014,27.86,4.0,0.000,0.010
0.014,27.86,4.0,0.000,0.015
0.014,27.86,4.0,0.000,0.020
0.014,27.86,4.0,0.000,0.025
0.014,27.86,4.0,0.000,0.030
0.014,27.86,4.0,0.000,0.035
0.014,27.86,5.0,0.000,0.005
0.014,27.86,5.0,0.000,0.010
0.014,27.86,5.0,0.000,0.015
0.014,27.86,5.0,0.000,0.020
0.014,27.86,5.0,0.000,0.025
0.014,27.86,5.0,0.000,0.030
0.014,27.86,5.0,0.000,0.035
0.014,27.86,6.0,0.000,0.005
0.014,27.86,6.0,0.000,0.010
0.014,27.86,6.0,0.000,0.015
0.014,27.86,6.0,0.000,0.020
0.014,27.86,6.0,0.000,0.025
0.014,27.86,6.0,0.000,0.030
0.014,27.86,6.0,0.000,0.035
0.014,28.84,2.0,0.000,0.005
0.014,28.84,2.0,0.000,0.010
0.014,28.84,2.0,0.000,0.015
0.014,28.84,2.0,0.000,0.020
0.014,28.84,2.0,0.000,0.025
0.014,28.84,2.0,0.000,0.030
0.014,28.84,2.0,0.000,0.035
0.014,28.84,3.0,0.000,0.005
0.014,28.84,3.0,0.000,0.010
0.014,28.84,3.0,0.000,0.015
0.014,28.84,3.0,0.000,0.020
0.014,28.84,3.0,0.000,0.025
0.014,28.84,3.0,0.000,0.030
0.014,28.84,3.0,0.000,0.035
0.014,28.84,4.0,0.000,0.005
0.014,28.84,4.0,0.000,0.010
0.014,28.84,4.0,0.000,0.015
0.014,28.84,4.0,0.000,0.020
0.014,28.84,4.0,0.000,0.025
0.014,28.84,4.0,0.000,0.030
0.014,28.84,4.0,0.000,0.035
0.014,28.84,5.0,0.000,0.005
0.014,28.84,5.0,0.000,0.010
0.014,28.84,5.0,0.000,0.015
0.014,28.84,5.0,0.000,0.020
0.014,28.84,5.0,0.000,0.025
0.014,28.84,5.0,0.000,0.030
0.014,28.84,5.0,0.000,0.035
0.014,28.84,6.0,0.000,0.005
0.014,28.84,6.0,0.000,0.010
0.014,28.84,6.0,0.000,0.015
0.014,28.84,6.0,0.000,0.020
0.014,28.84,6.0,0.000,0.025
0.014,28.84,6.0,0.000,0.030
0.014,28.84,6.0,0.000,0.035
0.014,29.85,2.0,0.000,0.005
0.014,29.85,2.0,0.000,0.010
0.014,29.85,2.0,0.000,0.015
0.014,29.85,2.0,0.000,0.020
0.014,29.85,2.0,0.000,0.025
0.014,29.85,2.0,0.000,0.030
0.014,29.85,2.0,0.000,0.035
0.014,29.85,3.0,0.000,0.005
0.014,29.85,3.0,0.000,0.010
0.014,29.85,3.0,0.000,0.015
0.014,29.85,3.0,0.000,0.020
0.014,29.85,3.0,0.000,0.025
0.014,29.85,3.0,0.000,0.030
0.014,29.85,3.0,0.000,0.035
0.014,29.85,4.0,0.000,0.005
0.014,29.85,4.0,0.000,0.010
0.014,29.85,4.0,0.000,0.015
0.014,29.85,4.0,0.000,0.020
0.014,29.85,4.0,0.000,0.025
0.014,29.85,4.0,0.000,0.030
0.014,29.85,4.0,0.000,0.035
0.014,29.85,5.0,0.000,0.005
0.014,29.85,5.0,0.000,0.010
0.014,29.85,5.0,0.000,0.015
0.014,29.85,5.0,0.000,0.020
0.014,29.85,5.0,0.000,0.025
0.014,29.85,5.0,0.000,0.030
0.014,29.85,5.0,0.000,0.035
0.014,29.85,6.0,0.000,0.005
0.014,29.85,6.0,0.000,0.010
0.014,29.85,6.0,0.000,0.015
0.014,29.85,6.0,0.000,0.020
0.014,29.85,6.0,0.000,0.025
0.014,29.85,6.0,0.000,0.030
0.014,29.85,6.0,0.000,0.035